stateid,state_2001,dist01_census2001,district_2001_name,state_2026,current_districts_2026,reorg_events,status,notes,distid_ihds_internal_DO_NOT_JOIN_ON_THIS,distname_code_legacy
1,Jammu & Kashmir,2.0,Baramula,Jammu and Kashmir (Union Territory),Baramulla; Bandipora,2006 district creation; 2019 state-to-UT reorganization (Jammu and Kashmir split into two Union Territories -- J&K UT and Ladakh UT; this district is in J&K UT),CONFIRMED,,2,102.0
1,Jammu & Kashmir,3.0,Srinagar,Jammu and Kashmir (Union Territory),Srinagar; Ganderbal,2006 district creation; 2019 state-to-UT reorganization,CONFIRMED,,3,103.0
1,Jammu & Kashmir,5.0,Pulwama,Jammu and Kashmir (Union Territory),Pulwama; Shopian,2006/2007 district creation -- Shopian confirmed carved from Pulwama alone (district status granted March 2007); 2019 state-to-UT reorganization,CONFIRMED,"Verified this round via Shopian district's own official government website: it was a tehsil of Pulwama, not a joint Pulwama-Anantnag split as one earlier source suggested",5,105.0
1,Jammu & Kashmir,12.0,Rajauri,Jammu and Kashmir (Union Territory),Rajouri,No district split identified; 2019 state-to-UT reorganization only,CONFIRMED,,12,112.0
1,Jammu & Kashmir,13.0,Jammu,Jammu and Kashmir (Union Territory),Jammu; Samba,2006 district creation; 2019 state-to-UT reorganization,CONFIRMED,,13,113.0
2,Himachal Pradesh,1.0,Chamba,Himachal Pradesh,Chamba,"No change since 1972 reorganization -- confirmed via HP government's own figures publication (""no change in the administrative structure of HP"" since 1 Sept 1972) and multiple independent sources",CONFIRMED,"Verified this round: HP remains at 12 districts, stable since 1972. Some 2022 political proposals to split Mandi/Kangra remain unimplemented as of this check",1,201.0
2,Himachal Pradesh,2.0,Kangra,Himachal Pradesh,Kangra,"No change since 1972 reorganization -- confirmed via HP government's own figures publication (""no change in the administrative structure of HP"" since 1 Sept 1972) and multiple independent sources",CONFIRMED,"Verified this round: HP remains at 12 districts, stable since 1972. Some 2022 political proposals to split Mandi/Kangra remain unimplemented as of this check",2,202.0
2,Himachal Pradesh,4.0,Kullu,Himachal Pradesh,Kullu,"No change since 1972 reorganization -- confirmed via HP government's own figures publication (""no change in the administrative structure of HP"" since 1 Sept 1972) and multiple independent sources",CONFIRMED,"Verified this round: HP remains at 12 districts, stable since 1972. Some 2022 political proposals to split Mandi/Kangra remain unimplemented as of this check",4,204.0
2,Himachal Pradesh,5.0,Mandi,Himachal Pradesh,Mandi,"No change since 1972 reorganization -- confirmed via HP government's own figures publication (""no change in the administrative structure of HP"" since 1 Sept 1972) and multiple independent sources",CONFIRMED,"Verified this round: HP remains at 12 districts, stable since 1972. Some 2022 political proposals to split Mandi/Kangra remain unimplemented as of this check",5,205.0
2,Himachal Pradesh,6.0,Hamirpur,Himachal Pradesh,Hamirpur,"No change since 1972 reorganization -- confirmed via HP government's own figures publication (""no change in the administrative structure of HP"" since 1 Sept 1972) and multiple independent sources",CONFIRMED,"Verified this round: HP remains at 12 districts, stable since 1972. Some 2022 political proposals to split Mandi/Kangra remain unimplemented as of this check",6,206.0
2,Himachal Pradesh,8.0,Bilaspur,Himachal Pradesh,Bilaspur,"No change since 1972 reorganization -- confirmed via HP government's own figures publication (""no change in the administrative structure of HP"" since 1 Sept 1972) and multiple independent sources",CONFIRMED,"Verified this round: HP remains at 12 districts, stable since 1972. Some 2022 political proposals to split Mandi/Kangra remain unimplemented as of this check",8,208.0
2,Himachal Pradesh,9.0,Solan,Himachal Pradesh,Solan,"No change since 1972 reorganization -- confirmed via HP government's own figures publication (""no change in the administrative structure of HP"" since 1 Sept 1972) and multiple independent sources",CONFIRMED,"Verified this round: HP remains at 12 districts, stable since 1972. Some 2022 political proposals to split Mandi/Kangra remain unimplemented as of this check",9,209.0
2,Himachal Pradesh,10.0,Sirmaur,Himachal Pradesh,Sirmaur,"No change since 1972 reorganization -- confirmed via HP government's own figures publication (""no change in the administrative structure of HP"" since 1 Sept 1972) and multiple independent sources",CONFIRMED,"Verified this round: HP remains at 12 districts, stable since 1972. Some 2022 political proposals to split Mandi/Kangra remain unimplemented as of this check",10,210.0
2,Himachal Pradesh,11.0,Shimla,Himachal Pradesh,Shimla,"No change since 1972 reorganization -- confirmed via HP government's own figures publication (""no change in the administrative structure of HP"" since 1 Sept 1972) and multiple independent sources",CONFIRMED,"Verified this round: HP remains at 12 districts, stable since 1972. Some 2022 political proposals to split Mandi/Kangra remain unimplemented as of this check",11,211.0
3,Punjab,1.0,Gurdaspur,Punjab,Gurdaspur; Pathankot,2011 district creation (Pathankot carved from Gurdaspur),CONFIRMED,,1,301.0
3,Punjab,2.0,Amritsar,Punjab,Amritsar; Tarn Taran,"Tarn Taran district formed out of Amritsar in 2006, to coincide with the 400th anniversary of Guru Arjan -- well documented",CONFIRMED,Verified this round via Wikipedia; Tarn Taran split postdates IHDS-I fieldwork (2004-05) but predates IHDS-II (2011-12) -- relevant if working across both waves,2,302.0
3,Punjab,3.0,Kapurthala,Punjab,Kapurthala,No change identified since 2001,CONFIRMED,,3,303.0
3,Punjab,4.0,Jalandhar,Punjab,Jalandhar,No change identified since 2001,CONFIRMED,,4,304.0
3,Punjab,5.0,Hoshiarpur,Punjab,Hoshiarpur,"No change since 2001. An Anandpur Sahib district was proposed in late 2025 (primarily from Ropar/Rupnagar, with contested plans to also add Hoshiarpur's Garhshankar tehsil), but as of this check the proposal has stalled -- an expected Nov 2025 announcement did not happen",CONFIRMED,Verified this round: Anandpur Sahib remains unimplemented as of the most recent sourcing found (spring 2026). Hoshiarpur itself is not confirmed as a real parent yet since the proposal never went through,5,305.0
3,Punjab,6.0,Nawanshahr,Punjab,Shaheed Bhagat Singh Nagar (Nawanshahr),Renamed; boundary unchanged,CONFIRMED,,6,306.0
3,Punjab,7.0,Rupnagar,Punjab,Rupnagar (Ropar),Mohali (SAS Nagar) split from Rupnagar in 2006. A proposed Anandpur Sahib district (primarily from Rupnagar) remains unimplemented as of this check (announcement expected Nov 2025 did not occur),CONFIRMED,Verified this round: both the 2006 Mohali split and the stalled Anandpur Sahib proposal are now confirmed rather than guessed,7,307.0
3,Punjab,8.0,Fatehgarh,Punjab,Fatehgarh Sahib,No change identified since 2001,CONFIRMED,,8,308.0
3,Punjab,9.0,Ludhiana,Punjab,Ludhiana,No change identified since 2001,CONFIRMED,,9,309.0
3,Punjab,10.0,Moga,Punjab,Moga,No change identified since 2001,CONFIRMED,,10,310.0
3,Punjab,11.0,Firozpur,Punjab,Firozpur; Fazilka,2011 district creation (Fazilka carved from Firozpur),CONFIRMED,,11,311.0
3,Punjab,16.0,Sangrur,Punjab,Sangrur; Barnala; Malerkotla (partial),2006 district creation (Barnala); 2021 district creation (Malerkotla),CONFIRMED,,16,316.0
3,Punjab,17.0,Patiala,Punjab,Patiala,No change identified since 2001,CONFIRMED,,17,317.0
4,Chandigarh,1.0,Chandigarh,Chandigarh,Chandigarh,No change -- single-unit UT,CONFIRMED,,0,401.0
5,Uttaranchal,5.0,Dehradun,Uttarakhand,Dehradun,No change identified since 2000 state formation; state renamed from Uttaranchal to Uttarakhand in 2007,CONFIRMED,,5,505.0
5,Uttaranchal,8.0,Bageshwar,Uttarakhand,Bageshwar,No change identified since 2000,CONFIRMED,,8,508.0
5,Uttaranchal,9.0,Almora,Uttarakhand,Almora,No change identified since 2000,CONFIRMED,,9,509.0
5,Uttaranchal,11.0,Nainital,Uttarakhand,Nainital,No change identified since 2000,CONFIRMED,,11,511.0
5,Uttaranchal,12.0,Udham Singh Nagar,Uttarakhand,Udham Singh Nagar,No change identified since 2000,CONFIRMED,,12,512.0
5,Uttaranchal,13.0,Hardwar,Uttarakhand,Haridwar,No change identified since 2000,CONFIRMED,,13,513.0
6,Haryana,1.0,Panchkula,Haryana,Panchkula,No change identified since 2001,CONFIRMED,,1,601.0
6,Haryana,2.0,Ambala,Haryana,Ambala,No change identified since 2001,CONFIRMED,,2,602.0
6,Haryana,3.0,Yamunanagar,Haryana,Yamunanagar,No change identified since 2001,CONFIRMED,,3,603.0
6,Haryana,4.0,Kurukshetra,Haryana,Kurukshetra,No change identified since 2001,CONFIRMED,,4,604.0
6,Haryana,5.0,Kaithal,Haryana,Kaithal,No change identified since 2001,CONFIRMED,,5,605.0
6,Haryana,6.0,Karnal,Haryana,Karnal,No change identified since 2001,CONFIRMED,,6,606.0
6,Haryana,8.0,Sonipat,Haryana,Sonipat,No change identified since 2001,CONFIRMED,,8,608.0
6,Haryana,9.0,Jind,Haryana,Jind,No change identified since 2001,CONFIRMED,,9,609.0
6,Haryana,10.0,Fatehabad,Haryana,Fatehabad,No change identified since 2001,CONFIRMED,,10,610.0
6,Haryana,12.0,Hissar,Haryana,Hisar,No change identified since 2001,CONFIRMED,,12,612.0
6,Haryana,13.0,Bhiwani,Haryana,Bhiwani; Charkhi Dadri,2016 district creation (Charkhi Dadri carved from Bhiwani),CONFIRMED,,13,613.0
6,Haryana,17.0,Rewari,Haryana,Rewari,No change identified since 2001,CONFIRMED,,17,617.0
6,Haryana,18.0,Gurgaon,Haryana,Gurugram,Renamed from Gurgaon to Gurugram (2016); boundary unchanged; Nuh (Mewat) was already split off in 2005 pre-dating this,PROVISIONAL - needs verification,Confirm whether this DISTID's PSUs include Mewat/Nuh-area villages sampled pre-split,18,618.0
6,Haryana,19.0,Faridabad,Haryana,Faridabad,No change identified since 2001,CONFIRMED,,19,619.0
7,Delhi,1.0,North West,Delhi,North West Delhi,"Delhi expanded from 9 to 11 revenue districts in 2012, then to 13 in a Dec 2025/Jan 2026 reorganization that dissolved Shahdara and realigned boundaries to match Municipal Corporation of Delhi zones",PROVISIONAL - needs verification,"RESOLVED structurally via the official IHDS-I codebook (22626-0002-Codebook.pdf), which confirms DIST01=1 is a genuine revenue district (North West), distinct from the non-district codes 10/11 below. Exact current boundary is provisional given the reorganization took effect 1 January 2026 -- very recent, worth a follow-up check",1,701.0
7,Delhi,2.0,North,Delhi,North Delhi (or successor -- see notes),Same 2012 and Dec 2025/Jan 2026 reorganizations as above,PROVISIONAL - needs verification,"RESOLVED structurally via the codebook (DIST01=2, a genuine district). Current status uncertain: the Jan 2026 reorganization created ""Central North Delhi"" and ""Outer North Delhi"" as part of realigning to MCD zones, and it is not confirmed from available sourcing whether ""North Delhi"" persists as a separate district or was absorbed into these two new ones",2,702.0
7,Delhi,3.0,North East,Delhi,North East Delhi,No specific split identified for this district in the 2012 or 2026 reorganizations,PROVISIONAL - needs verification,"RESOLVED structurally via the codebook (DIST01=3, a genuine district). Not individually re-verified against the Jan 2026 reorganization's full district list",3,703.0
7,Delhi,4.0,East,Delhi,"East Delhi; Shahdara (2012, dissolved again Jan 2026 into ""Old Delhi"" per the MCD-alignment reorganization)","2012 district creation (Shahdara, from East Delhi); Shahdara itself dissolved in the Jan 2026 reorganization",PROVISIONAL - needs verification,"RESOLVED structurally via the codebook (DIST01=4, a genuine district). Two layers of change here (2012 split, then Jan 2026 dissolution of that same new district) -- current successor unit not fully confirmed",4,704.0
7,Delhi,7.0,West,Delhi,West Delhi,No specific split identified,CONFIRMED,"RESOLVED structurally via the codebook (DIST01=7, a genuine district), not implicated in either the 2012 or Jan 2026 reorganizations based on available sourcing",7,707.0
7,Delhi,8.0,South West,Delhi,South West Delhi,No specific split identified,CONFIRMED,"RESOLVED structurally via the codebook (DIST01=8, a genuine district), not implicated in either reorganization based on available sourcing",8,708.0
7,Delhi,9.0,South,Delhi,South Delhi; South East Delhi (2012),"2012 district creation (South East Delhi, from South Delhi)",CONFIRMED,"RESOLVED structurally via the codebook (DIST01=9, a genuine district). The 2012 South East split is well documented and not implicated in the Jan 2026 reorganization based on available sourcing",9,709.0
7,Delhi,10.0,Delhi Municipal Corp,Delhi,NOT APPLICABLE -- not a district,,UNRESOLVED,"CONFIRMED via the official codebook that this is NOT a revenue district at all -- it is the (former) Municipal Corporation of Delhi, a local governance body. Households coded here cannot be placed into the district-level crosswalk framework; they would need to be reassigned via a different geography (e.g. MCD zone) entirely",10,710.0
7,Delhi,11.0,New Delhi Municipal C,Delhi,NOT APPLICABLE -- not a district,,UNRESOLVED,"CONFIRMED via the official codebook that this is NOT a revenue district -- it is the New Delhi Municipal Council, a local governance body distinct from the surrounding New Delhi revenue district. Same limitation as DIST01=10 above",11,711.0
8,Rajasthan,3.0,Bikaner,Rajasthan,Bikaner,Not a parent of any retained or reversed 2023-24 district,CONFIRMED,"Rajasthan's geography has been unusually unstable (redrawn twice in two years) -- verify against a primary MHA/Rajasthan gazette source before treating as final Verified this round against multiple independent news sources (IANS, India TV, Swarajya) confirming the exact list of 9 abolished districts (Anupgarh, Dudu, Gangapur City, Jaipur Rural, Jodhpur Rural, Kekri, Neem Ka Thana, Sanchore, Shahpura) and 8 retained (Balotra, Beawar, Deeg, Khairthal-Tijara, Didwana-Kuchaman, Kotputli-Behror, Phalodi, Salumber) as of the Dec 28 2024 cabinet decision -- matches this crosswalk's mapping exactly.",3,803.0
8,Rajasthan,4.0,Churu,Rajasthan,Churu,Not a parent of any retained or reversed 2023-24 district,CONFIRMED," Verified this round against multiple independent news sources (IANS, India TV, Swarajya) confirming the exact list of 9 abolished districts (Anupgarh, Dudu, Gangapur City, Jaipur Rural, Jodhpur Rural, Kekri, Neem Ka Thana, Sanchore, Shahpura) and 8 retained (Balotra, Beawar, Deeg, Khairthal-Tijara, Didwana-Kuchaman, Kotputli-Behror, Phalodi, Salumber) as of the Dec 28 2024 cabinet decision -- matches this crosswalk's mapping exactly.",4,804.0
8,Rajasthan,5.0,Jhunjhunu,Rajasthan,Jhunjhunu,"Contributed partial territory to the now-reversed Neem Ka Thana (2023, merged back Dec 2024)",CONFIRMED,"Boundary effectively reverted to original as of Dec 2024, but confirm no residual change Verified this round against multiple independent news sources (IANS, India TV, Swarajya) confirming the exact list of 9 abolished districts (Anupgarh, Dudu, Gangapur City, Jaipur Rural, Jodhpur Rural, Kekri, Neem Ka Thana, Sanchore, Shahpura) and 8 retained (Balotra, Beawar, Deeg, Khairthal-Tijara, Didwana-Kuchaman, Kotputli-Behror, Phalodi, Salumber) as of the Dec 28 2024 cabinet decision -- matches this crosswalk's mapping exactly.",5,805.0
8,Rajasthan,6.0,Alwar,Rajasthan,Alwar; Khairthal-Tijara; part of Kotputli-Behror,"2023 district creation (Khairthal-Tijara and part of Kotputli-Behror), retained after the Dec 2024 reversal",CONFIRMED,"Kotputli-Behror's exact parentage is split between Alwar and Jaipur -- sub-district detail needed to fully resolve Verified this round against multiple independent news sources (IANS, India TV, Swarajya) confirming the exact list of 9 abolished districts (Anupgarh, Dudu, Gangapur City, Jaipur Rural, Jodhpur Rural, Kekri, Neem Ka Thana, Sanchore, Shahpura) and 8 retained (Balotra, Beawar, Deeg, Khairthal-Tijara, Didwana-Kuchaman, Kotputli-Behror, Phalodi, Salumber) as of the Dec 28 2024 cabinet decision -- matches this crosswalk's mapping exactly.",6,806.0
8,Rajasthan,7.0,Bharatpur,Rajasthan,Bharatpur; Deeg,"2023 district creation (Deeg), retained after the Dec 2024 reversal",CONFIRMED," Verified this round against multiple independent news sources (IANS, India TV, Swarajya) confirming the exact list of 9 abolished districts (Anupgarh, Dudu, Gangapur City, Jaipur Rural, Jodhpur Rural, Kekri, Neem Ka Thana, Sanchore, Shahpura) and 8 retained (Balotra, Beawar, Deeg, Khairthal-Tijara, Didwana-Kuchaman, Kotputli-Behror, Phalodi, Salumber) as of the Dec 28 2024 cabinet decision -- matches this crosswalk's mapping exactly.",7,807.0
8,Rajasthan,8.0,Dhaulpur,Rajasthan,Dhaulpur,Not a parent of any retained or reversed 2023-24 district,CONFIRMED," Verified this round against multiple independent news sources (IANS, India TV, Swarajya) confirming the exact list of 9 abolished districts (Anupgarh, Dudu, Gangapur City, Jaipur Rural, Jodhpur Rural, Kekri, Neem Ka Thana, Sanchore, Shahpura) and 8 retained (Balotra, Beawar, Deeg, Khairthal-Tijara, Didwana-Kuchaman, Kotputli-Behror, Phalodi, Salumber) as of the Dec 28 2024 cabinet decision -- matches this crosswalk's mapping exactly.",8,808.0
8,Rajasthan,9.0,Karauli,Rajasthan,Karauli,Not directly affected by 2023-24 changes,CONFIRMED,"RESOLVED via DIST01 (Census 2001 district code): DIST01=9 confirms this is genuinely Karauli, distinct from DISTID=10's Sawai Madhopur -- see master file methodology note Verified this round against multiple independent news sources (IANS, India TV, Swarajya) confirming the exact list of 9 abolished districts (Anupgarh, Dudu, Gangapur City, Jaipur Rural, Jodhpur Rural, Kekri, Neem Ka Thana, Sanchore, Shahpura) and 8 retained (Balotra, Beawar, Deeg, Khairthal-Tijara, Didwana-Kuchaman, Kotputli-Behror, Phalodi, Salumber) as of the Dec 28 2024 cabinet decision -- matches this crosswalk's mapping exactly.",9,809.0
8,Rajasthan,10.0,Sawai Madhopur,Rajasthan,Sawai Madhopur,"Parent of Gangapur City (created 2023, reversed/merged back Dec 2024)",CONFIRMED,"RESOLVED via DIST01=10 -- distinct from DISTID=9's Karauli Verified this round against multiple independent news sources (IANS, India TV, Swarajya) confirming the exact list of 9 abolished districts (Anupgarh, Dudu, Gangapur City, Jaipur Rural, Jodhpur Rural, Kekri, Neem Ka Thana, Sanchore, Shahpura) and 8 retained (Balotra, Beawar, Deeg, Khairthal-Tijara, Didwana-Kuchaman, Kotputli-Behror, Phalodi, Salumber) as of the Dec 28 2024 cabinet decision -- matches this crosswalk's mapping exactly.",10,810.0
8,Rajasthan,11.0,Dausa,Rajasthan,Dausa,Not a parent of any retained or reversed 2023-24 district,CONFIRMED," Verified this round against multiple independent news sources (IANS, India TV, Swarajya) confirming the exact list of 9 abolished districts (Anupgarh, Dudu, Gangapur City, Jaipur Rural, Jodhpur Rural, Kekri, Neem Ka Thana, Sanchore, Shahpura) and 8 retained (Balotra, Beawar, Deeg, Khairthal-Tijara, Didwana-Kuchaman, Kotputli-Behror, Phalodi, Salumber) as of the Dec 28 2024 cabinet decision -- matches this crosswalk's mapping exactly.",11,811.0
8,Rajasthan,12.0,Jaipur,Rajasthan,Jaipur; part of Kotputli-Behror,"Jaipur Rural and Dudu created 2023, both reversed/merged back Dec 2024",CONFIRMED,"Kotputli-Behror parentage split with Alwar -- see note on DISTID=6 Verified this round against multiple independent news sources (IANS, India TV, Swarajya) confirming the exact list of 9 abolished districts (Anupgarh, Dudu, Gangapur City, Jaipur Rural, Jodhpur Rural, Kekri, Neem Ka Thana, Sanchore, Shahpura) and 8 retained (Balotra, Beawar, Deeg, Khairthal-Tijara, Didwana-Kuchaman, Kotputli-Behror, Phalodi, Salumber) as of the Dec 28 2024 cabinet decision -- matches this crosswalk's mapping exactly.",12,812.0
8,Rajasthan,13.0,Sikar,Rajasthan,Sikar,"Neem Ka Thana created 2023 from Sikar and Jhunjhunu, reversed/merged back Dec 2024 after sustained local protests",CONFIRMED,"Boundary effectively reverted as of Dec 2024 Verified this round against multiple independent news sources (IANS, India TV, Swarajya) confirming the exact list of 9 abolished districts (Anupgarh, Dudu, Gangapur City, Jaipur Rural, Jodhpur Rural, Kekri, Neem Ka Thana, Sanchore, Shahpura) and 8 retained (Balotra, Beawar, Deeg, Khairthal-Tijara, Didwana-Kuchaman, Kotputli-Behror, Phalodi, Salumber) as of the Dec 28 2024 cabinet decision -- matches this crosswalk's mapping exactly.",13,813.0
8,Rajasthan,14.0,Nagaur,Rajasthan,Nagaur; Didwana-Kuchaman (partial),"2023 district creation (Didwana-Kuchaman, drawn partly from Nagaur and partly from Sikar), retained after the Dec 2024 reversal",CONFIRMED,"Exact territorial split between Nagaur and Sikar not confirmed Verified this round against multiple independent news sources (IANS, India TV, Swarajya) confirming the exact list of 9 abolished districts (Anupgarh, Dudu, Gangapur City, Jaipur Rural, Jodhpur Rural, Kekri, Neem Ka Thana, Sanchore, Shahpura) and 8 retained (Balotra, Beawar, Deeg, Khairthal-Tijara, Didwana-Kuchaman, Kotputli-Behror, Phalodi, Salumber) as of the Dec 28 2024 cabinet decision -- matches this crosswalk's mapping exactly.",14,814.0
8,Rajasthan,15.0,Jodhpur,Rajasthan,Jodhpur; Phalodi,"Jodhpur Rural created 2023, reversed/merged back Dec 2024",CONFIRMED,"Phalodi retained; Jodhpur Rural reverted Verified this round against multiple independent news sources (IANS, India TV, Swarajya) confirming the exact list of 9 abolished districts (Anupgarh, Dudu, Gangapur City, Jaipur Rural, Jodhpur Rural, Kekri, Neem Ka Thana, Sanchore, Shahpura) and 8 retained (Balotra, Beawar, Deeg, Khairthal-Tijara, Didwana-Kuchaman, Kotputli-Behror, Phalodi, Salumber) as of the Dec 28 2024 cabinet decision -- matches this crosswalk's mapping exactly.",15,815.0
8,Rajasthan,18.0,Jalor,Rajasthan,Jalor,"Sanchore created 2023 from Jalor, reversed/merged back Dec 2024",CONFIRMED,"Boundary effectively reverted as of Dec 2024 Verified this round against multiple independent news sources (IANS, India TV, Swarajya) confirming the exact list of 9 abolished districts (Anupgarh, Dudu, Gangapur City, Jaipur Rural, Jodhpur Rural, Kekri, Neem Ka Thana, Sanchore, Shahpura) and 8 retained (Balotra, Beawar, Deeg, Khairthal-Tijara, Didwana-Kuchaman, Kotputli-Behror, Phalodi, Salumber) as of the Dec 28 2024 cabinet decision -- matches this crosswalk's mapping exactly.",18,818.0
8,Rajasthan,20.0,Pali,Rajasthan,Pali,Not a parent of any retained 2023-24 district; the short-lived Pali division (not a district) was also abolished Dec 2024,CONFIRMED," Verified this round against multiple independent news sources (IANS, India TV, Swarajya) confirming the exact list of 9 abolished districts (Anupgarh, Dudu, Gangapur City, Jaipur Rural, Jodhpur Rural, Kekri, Neem Ka Thana, Sanchore, Shahpura) and 8 retained (Balotra, Beawar, Deeg, Khairthal-Tijara, Didwana-Kuchaman, Kotputli-Behror, Phalodi, Salumber) as of the Dec 28 2024 cabinet decision -- matches this crosswalk's mapping exactly.",20,820.0
8,Rajasthan,21.0,Ajmer,Rajasthan,Ajmer; Beawar,"Kekri created 2023, reversed/merged back Dec 2024",CONFIRMED,"Beawar retained; Kekri reverted Verified this round against multiple independent news sources (IANS, India TV, Swarajya) confirming the exact list of 9 abolished districts (Anupgarh, Dudu, Gangapur City, Jaipur Rural, Jodhpur Rural, Kekri, Neem Ka Thana, Sanchore, Shahpura) and 8 retained (Balotra, Beawar, Deeg, Khairthal-Tijara, Didwana-Kuchaman, Kotputli-Behror, Phalodi, Salumber) as of the Dec 28 2024 cabinet decision -- matches this crosswalk's mapping exactly.",21,821.0
8,Rajasthan,24.0,Bhilwara,Rajasthan,Bhilwara,"Shahpura created 2023, reversed/merged back Dec 2024",CONFIRMED,"Boundary effectively reverted as of Dec 2024 Verified this round against multiple independent news sources (IANS, India TV, Swarajya) confirming the exact list of 9 abolished districts (Anupgarh, Dudu, Gangapur City, Jaipur Rural, Jodhpur Rural, Kekri, Neem Ka Thana, Sanchore, Shahpura) and 8 retained (Balotra, Beawar, Deeg, Khairthal-Tijara, Didwana-Kuchaman, Kotputli-Behror, Phalodi, Salumber) as of the Dec 28 2024 cabinet decision -- matches this crosswalk's mapping exactly.",24,824.0
8,Rajasthan,25.0,Rajsamand,Rajasthan,Rajsamand,Not a parent of any retained or reversed 2023-24 district,CONFIRMED," Verified this round against multiple independent news sources (IANS, India TV, Swarajya) confirming the exact list of 9 abolished districts (Anupgarh, Dudu, Gangapur City, Jaipur Rural, Jodhpur Rural, Kekri, Neem Ka Thana, Sanchore, Shahpura) and 8 retained (Balotra, Beawar, Deeg, Khairthal-Tijara, Didwana-Kuchaman, Kotputli-Behror, Phalodi, Salumber) as of the Dec 28 2024 cabinet decision -- matches this crosswalk's mapping exactly.",25,825.0
8,Rajasthan,26.0,Udaipur,Rajasthan,Udaipur; Salumber,"2023 district creation (Salumber), retained after the Dec 2024 reversal",CONFIRMED," Verified this round against multiple independent news sources (IANS, India TV, Swarajya) confirming the exact list of 9 abolished districts (Anupgarh, Dudu, Gangapur City, Jaipur Rural, Jodhpur Rural, Kekri, Neem Ka Thana, Sanchore, Shahpura) and 8 retained (Balotra, Beawar, Deeg, Khairthal-Tijara, Didwana-Kuchaman, Kotputli-Behror, Phalodi, Salumber) as of the Dec 28 2024 cabinet decision -- matches this crosswalk's mapping exactly.",26,826.0
8,Rajasthan,29.0,Chittaurgarh,Rajasthan,Chittorgarh,Not a parent of any retained or reversed 2023-24 district,CONFIRMED," Verified this round against multiple independent news sources (IANS, India TV, Swarajya) confirming the exact list of 9 abolished districts (Anupgarh, Dudu, Gangapur City, Jaipur Rural, Jodhpur Rural, Kekri, Neem Ka Thana, Sanchore, Shahpura) and 8 retained (Balotra, Beawar, Deeg, Khairthal-Tijara, Didwana-Kuchaman, Kotputli-Behror, Phalodi, Salumber) as of the Dec 28 2024 cabinet decision -- matches this crosswalk's mapping exactly.",29,829.0
8,Rajasthan,30.0,Kota,Rajasthan,Kota,Not a parent of any retained or reversed 2023-24 district,CONFIRMED," Verified this round against multiple independent news sources (IANS, India TV, Swarajya) confirming the exact list of 9 abolished districts (Anupgarh, Dudu, Gangapur City, Jaipur Rural, Jodhpur Rural, Kekri, Neem Ka Thana, Sanchore, Shahpura) and 8 retained (Balotra, Beawar, Deeg, Khairthal-Tijara, Didwana-Kuchaman, Kotputli-Behror, Phalodi, Salumber) as of the Dec 28 2024 cabinet decision -- matches this crosswalk's mapping exactly.",30,830.0
8,Rajasthan,31.0,Baran,Rajasthan,Baran,Not a parent of any retained or reversed 2023-24 district,CONFIRMED," Verified this round against multiple independent news sources (IANS, India TV, Swarajya) confirming the exact list of 9 abolished districts (Anupgarh, Dudu, Gangapur City, Jaipur Rural, Jodhpur Rural, Kekri, Neem Ka Thana, Sanchore, Shahpura) and 8 retained (Balotra, Beawar, Deeg, Khairthal-Tijara, Didwana-Kuchaman, Kotputli-Behror, Phalodi, Salumber) as of the Dec 28 2024 cabinet decision -- matches this crosswalk's mapping exactly.",31,831.0
8,Rajasthan,32.0,Jhalawar,Rajasthan,Jhalawar,Not a parent of any retained or reversed 2023-24 district,CONFIRMED," Verified this round against multiple independent news sources (IANS, India TV, Swarajya) confirming the exact list of 9 abolished districts (Anupgarh, Dudu, Gangapur City, Jaipur Rural, Jodhpur Rural, Kekri, Neem Ka Thana, Sanchore, Shahpura) and 8 retained (Balotra, Beawar, Deeg, Khairthal-Tijara, Didwana-Kuchaman, Kotputli-Behror, Phalodi, Salumber) as of the Dec 28 2024 cabinet decision -- matches this crosswalk's mapping exactly.",32,832.0
9,Uttar Pradesh,1.0,Saharanpur,Uttar Pradesh,Saharanpur,No change identified since 2001,CONFIRMED,,1,901.0
9,Uttar Pradesh,2.0,Muzaffarnagar,Uttar Pradesh,Muzaffarnagar; Shamli,"2011 district creation (Shamli initially named Prabuddh Nagar, renamed 2012)",CONFIRMED,,2,902.0
9,Uttar Pradesh,3.0,Bijnor,Uttar Pradesh,Bijnor,No change identified since 2001,CONFIRMED,,3,903.0
9,Uttar Pradesh,4.0,Moradabad,Uttar Pradesh,Moradabad; Sambhal (partial),2011 district creation -- Sambhal carved from parts of both Moradabad and Budaun,PROVISIONAL - needs verification,"Sambhal's territory spans two 2001 parent districts; a household-level assignment needs sub-district detail, not just DISTID Confirmed this round via two independent sources (Wikipedia + Hindustan Times Labs shapefile documentation): Sambhal's parent districts are exactly Moradabad and Budaun, no others. Still needs sub-district detail to fully resolve household-level assignment.",4,904.0
9,Uttar Pradesh,5.0,Rampur,Uttar Pradesh,Rampur,No change identified since 2001,CONFIRMED,,5,905.0
9,Uttar Pradesh,6.0,Jyotiba Phule Nagar,Uttar Pradesh,Amroha,Renamed from Jyotiba Phule Nagar to Amroha (2012); boundary unchanged,CONFIRMED,,6,906.0
9,Uttar Pradesh,7.0,Meerut,Uttar Pradesh,Meerut,No change identified since 2001,CONFIRMED,,7,907.0
9,Uttar Pradesh,9.0,Ghaziabad,Uttar Pradesh,Ghaziabad; Hapur,"2011 district creation (Hapur initially named Panchsheel Nagar, renamed 2012)",CONFIRMED,,9,909.0
9,Uttar Pradesh,10.0,Gautam Buddha Nagar,Uttar Pradesh,Gautam Buddha Nagar,No change identified since 2001,CONFIRMED,,10,910.0
9,Uttar Pradesh,13.0,Hathras,Uttar Pradesh,Hathras,No change identified since 2001,CONFIRMED,,13,913.0
9,Uttar Pradesh,14.0,Mathura,Uttar Pradesh,Mathura,No change identified since 2001,CONFIRMED,,14,914.0
9,Uttar Pradesh,15.0,Agra,Uttar Pradesh,Agra,No change identified since 2001,CONFIRMED,,15,915.0
9,Uttar Pradesh,19.0,Budaun,Uttar Pradesh,Budaun; Sambhal (partial),2011 district creation -- Sambhal carved from parts of both Moradabad and Budaun,PROVISIONAL - needs verification,"Same Sambhal ambiguity as Moradabad row -- do not double count Sambhal population if aggregating Confirmed this round via two independent sources (Wikipedia + Hindustan Times Labs shapefile documentation): Sambhal's parent districts are exactly Moradabad and Budaun, no others. Still needs sub-district detail to fully resolve household-level assignment.",19,919.0
9,Uttar Pradesh,20.0,Bareilly,Uttar Pradesh,Bareilly,No change identified since 2001,CONFIRMED,,20,920.0
9,Uttar Pradesh,23.0,Kheri,Uttar Pradesh,Lakhimpur Kheri,No boundary change identified; district commonly listed as Lakhimpur Kheri,CONFIRMED,,23,923.0
9,Uttar Pradesh,24.0,Sitapur,Uttar Pradesh,Sitapur,No change identified since 2001,CONFIRMED,,24,924.0
9,Uttar Pradesh,28.0,Lucknow,Uttar Pradesh,Lucknow,No change identified since 2001 (split proposals exist but not notified),CONFIRMED,,28,928.0
9,Uttar Pradesh,29.0,Farrukabad,Uttar Pradesh,Farrukhabad,No change identified since 2001,CONFIRMED,,29,929.0
9,Uttar Pradesh,30.0,Kannauj,Uttar Pradesh,Kannauj,No change identified since 2001,CONFIRMED,,30,930.0
9,Uttar Pradesh,33.0,Kanpur Dehat,Uttar Pradesh,Kanpur Dehat,No change identified since 2001,CONFIRMED,,33,933.0
9,Uttar Pradesh,34.0,Kanpur Nagar,Uttar Pradesh,Kanpur Nagar,No change identified since 2001,CONFIRMED,,34,934.0
9,Uttar Pradesh,36.0,Jhansi,Uttar Pradesh,Jhansi,No change identified since 2001,CONFIRMED,,36,936.0
9,Uttar Pradesh,40.0,Banda,Uttar Pradesh,Banda,No change identified since 2001,CONFIRMED,,40,940.0
9,Uttar Pradesh,41.0,Chitrakoot,Uttar Pradesh,Chitrakoot,No change identified since 2001,CONFIRMED,,41,941.0
9,Uttar Pradesh,42.0,Fatehpur,Uttar Pradesh,Fatehpur,No change identified since 2001,CONFIRMED,"RESOLVED: the label missing from IHDS-I's own DISTNAME dictionary (code 942) was found in IHDS-II's DISTRICT value-label dictionary, which uses the identical state+DIST01 numbering scheme and confirms code 942 = Fatehpur. Cross-wave lookup, not a guess.",42,942.0
9,Uttar Pradesh,44.0,Kaushambi,Uttar Pradesh,Kaushambi,No change identified since 2001,CONFIRMED,,44,944.0
9,Uttar Pradesh,45.0,Allahabad,Uttar Pradesh,Prayagraj,Renamed from Allahabad to Prayagraj (2018); boundary unchanged,CONFIRMED,,45,945.0
9,Uttar Pradesh,46.0,Barabanki,Uttar Pradesh,Barabanki,No change identified since 2001,CONFIRMED,,46,946.0
9,Uttar Pradesh,47.0,Faizabad,Uttar Pradesh,Ayodhya,Renamed from Faizabad to Ayodhya (2018); boundary unchanged,CONFIRMED,Verified this round: Faizabad was NOT a parent district of Amethi (that uncertainty is now resolved -- see Sultanpur row) -- Faizabad/Ayodhya is a clean rename only,47,947.0
9,Uttar Pradesh,48.0,Ambedkar Nagar,Uttar Pradesh,Ambedkar Nagar,No change identified since 2001,CONFIRMED,,48,948.0
9,Uttar Pradesh,49.0,Sultanpur,Uttar Pradesh,Sultanpur; Amethi (partial),2010 district creation -- Amethi confirmed carved from Sultanpur and Rae Bareli only (not Faizabad),CONFIRMED,"Verified this round via Hindustan Times Labs' shapefile documentation project, cross-checked with Wikipedia: Amethi's parent districts are Sultanpur and Rae Bareli only. District-level assignment still can't fully resolve which Sultanpur households fall in Amethi vs. Sultanpur without sub-district detail, but the parent-district ambiguity with Faizabad is now resolved",49,949.0
9,Uttar Pradesh,50.0,Bahraich,Uttar Pradesh,Bahraich,"No boundary change identified, but one GIS source flagged possible shapefile discrepancies with neighboring Shravasti -- worth a second check if doing spatial work",PROVISIONAL - needs verification,"Confirmed this round: this is a real, documented cartographic dispute -- Hindustan Times investigated it directly, emailing UP's National Informatics Centre in 2017 about an apparent error in official GIS shapefiles where Bahraich appears to have subsumed part of Shravasti. Not resolved, but now confirmed as a genuine known issue rather than a single unverified flag.",50,950.0
9,Uttar Pradesh,51.0,Sharawasti,Uttar Pradesh,Shravasti,Same shapefile-accuracy flag as Bahraich,PROVISIONAL - needs verification,"Confirmed this round: this is a real, documented cartographic dispute -- Hindustan Times investigated it directly, emailing UP's National Informatics Centre in 2017 about an apparent error in official GIS shapefiles where Bahraich appears to have subsumed part of Shravasti. Not resolved, but now confirmed as a genuine known issue rather than a single unverified flag.",51,951.0
9,Uttar Pradesh,54.0,Siddharathnagar,Uttar Pradesh,Siddharthnagar,No change identified since 2001,CONFIRMED,,54,954.0
9,Uttar Pradesh,58.0,Gorakhpur,Uttar Pradesh,Gorakhpur,No change identified since 2001,CONFIRMED,,58,958.0
9,Uttar Pradesh,59.0,Kushinagar,Uttar Pradesh,Kushinagar,"No change identified since 2001 (already split from Deoria in 1994, pre-dating both IHDS waves)",CONFIRMED,,59,959.0
9,Uttar Pradesh,60.0,Deoria,Uttar Pradesh,Deoria,No change identified since 2001,CONFIRMED,,60,960.0
9,Uttar Pradesh,62.0,Mau,Uttar Pradesh,Mau,No change identified since 2001,CONFIRMED,,62,962.0
9,Uttar Pradesh,63.0,Baliya,Uttar Pradesh,Ballia,No change identified since 2001,CONFIRMED,,63,963.0
9,Uttar Pradesh,65.0,Ghazipur,Uttar Pradesh,Ghazipur,No change identified since 2001,CONFIRMED,,65,965.0
9,Uttar Pradesh,66.0,Chandauli,Uttar Pradesh,Chandauli,No change identified since 2001,CONFIRMED,,66,966.0
9,Uttar Pradesh,67.0,Varanasi,Uttar Pradesh,Varanasi,No change identified since 2001,CONFIRMED,,67,967.0
9,Uttar Pradesh,68.0,Sant Ravidas Nagar,Uttar Pradesh,Bhadohi,Commonly referred to today as Bhadohi rather than Sant Ravidas Nagar; boundary unchanged,PROVISIONAL - needs verification,Official current legal name vs. common name not independently confirmed,68,968.0
10,Bihar,2.0,Purbi Champaran,Bihar,Purbi Champaran (East Champaran),"No change since 2001 -- confirmed: Bihar has had no new districts since Arwal was carved from Jehanabad in August 2001 (Jehanabad not in this sample), verified against multiple independent sources",CONFIRMED,"Verified this round: Bihar remains at 38 districts, unchanged since 2001",2,1002.0
10,Bihar,5.0,Madhubani,Bihar,Madhubani,"No change since 2001 -- confirmed: Bihar has had no new districts since Arwal was carved from Jehanabad in August 2001 (Jehanabad not in this sample), verified against multiple independent sources",CONFIRMED,"Verified this round: Bihar remains at 38 districts, unchanged since 2001",5,1005.0
10,Bihar,6.0,Supaul,Bihar,Supaul,"No change since 2001 -- confirmed: Bihar has had no new districts since Arwal was carved from Jehanabad in August 2001 (Jehanabad not in this sample), verified against multiple independent sources",CONFIRMED,"Verified this round: Bihar remains at 38 districts, unchanged since 2001",6,1006.0
10,Bihar,9.0,Purnia,Bihar,Purnia,"No change since 2001 -- confirmed: Bihar has had no new districts since Arwal was carved from Jehanabad in August 2001 (Jehanabad not in this sample), verified against multiple independent sources",CONFIRMED,"Verified this round: Bihar remains at 38 districts, unchanged since 2001",9,1009.0
10,Bihar,12.0,Saharsa,Bihar,Saharsa,"No change since 2001 -- confirmed: Bihar has had no new districts since Arwal was carved from Jehanabad in August 2001 (Jehanabad not in this sample), verified against multiple independent sources",CONFIRMED,"Verified this round: Bihar remains at 38 districts, unchanged since 2001",12,1012.0
10,Bihar,14.0,Muzaffar Pur,Bihar,Muzaffarpur,"No change since 2001 -- confirmed: Bihar has had no new districts since Arwal was carved from Jehanabad in August 2001 (Jehanabad not in this sample), verified against multiple independent sources",CONFIRMED,"Verified this round: Bihar remains at 38 districts, unchanged since 2001",14,1014.0
10,Bihar,16.0,Siwan,Bihar,Siwan,"No change since 2001 -- confirmed: Bihar has had no new districts since Arwal was carved from Jehanabad in August 2001 (Jehanabad not in this sample), verified against multiple independent sources",CONFIRMED,"Verified this round: Bihar remains at 38 districts, unchanged since 2001",16,1016.0
10,Bihar,17.0,Saran,Bihar,Saran,"No change since 2001 -- confirmed: Bihar has had no new districts since Arwal was carved from Jehanabad in August 2001 (Jehanabad not in this sample), verified against multiple independent sources",CONFIRMED,"Verified this round: Bihar remains at 38 districts, unchanged since 2001",17,1017.0
10,Bihar,22.0,Bhagal Pur,Bihar,Bhagalpur,"No change since 2001 -- confirmed: Bihar has had no new districts since Arwal was carved from Jehanabad in August 2001 (Jehanabad not in this sample), verified against multiple independent sources",CONFIRMED,"Verified this round: Bihar remains at 38 districts, unchanged since 2001",22,1022.0
10,Bihar,23.0,Banka,Bihar,Banka,"No change since 2001 -- confirmed: Bihar has had no new districts since Arwal was carved from Jehanabad in August 2001 (Jehanabad not in this sample), verified against multiple independent sources",CONFIRMED,"Verified this round: Bihar remains at 38 districts, unchanged since 2001",23,1023.0
10,Bihar,26.0,Sheikhpura,Bihar,Sheikhpura,"No change since 2001 -- confirmed: Bihar has had no new districts since Arwal was carved from Jehanabad in August 2001 (Jehanabad not in this sample), verified against multiple independent sources",CONFIRMED,"Verified this round: Bihar remains at 38 districts, unchanged since 2001",26,1026.0
10,Bihar,27.0,Nalanda,Bihar,Nalanda,"No change since 2001 -- confirmed: Bihar has had no new districts since Arwal was carved from Jehanabad in August 2001 (Jehanabad not in this sample), verified against multiple independent sources",CONFIRMED,"Verified this round: Bihar remains at 38 districts, unchanged since 2001",27,1027.0
10,Bihar,28.0,Patna,Bihar,Patna,"No change since 2001 -- confirmed: Bihar has had no new districts since Arwal was carved from Jehanabad in August 2001 (Jehanabad not in this sample), verified against multiple independent sources",CONFIRMED,"Verified this round: Bihar remains at 38 districts, unchanged since 2001",28,1028.0
10,Bihar,30.0,Buxar,Bihar,Buxar,"No change since 2001 -- confirmed: Bihar has had no new districts since Arwal was carved from Jehanabad in August 2001 (Jehanabad not in this sample), verified against multiple independent sources",CONFIRMED,"Verified this round: Bihar remains at 38 districts, unchanged since 2001",30,1030.0
10,Bihar,31.0,Kaimur (Bhabua),Bihar,Kaimur (Bhabua),"No change since 2001 -- confirmed: Bihar has had no new districts since Arwal was carved from Jehanabad in August 2001 (Jehanabad not in this sample), verified against multiple independent sources",CONFIRMED,"Verified this round: Bihar remains at 38 districts, unchanged since 2001",31,1031.0
10,Bihar,32.0,Rohtas,Bihar,Rohtas,"No change since 2001 -- confirmed: Bihar has had no new districts since Arwal was carved from Jehanabad in August 2001 (Jehanabad not in this sample), verified against multiple independent sources",CONFIRMED,"Verified this round: Bihar remains at 38 districts, unchanged since 2001",32,1032.0
10,Bihar,35.0,Gaya,Bihar,Gaya,"No change since 2001 -- confirmed: Bihar has had no new districts since Arwal was carved from Jehanabad in August 2001 (Jehanabad not in this sample), verified against multiple independent sources",CONFIRMED,"Verified this round: Bihar remains at 38 districts, unchanged since 2001",35,1035.0
11,Sikkim,1.0,East Sikkim,Sikkim,East Sikkim (Gangtok),"No change identified since 2001; Sikkim reorganized its historic 4 districts into 6 in 2021/2022, splitting East Sikkim -- verify which side of that split this DISTID falls on",PROVISIONAL - needs verification,Sikkim's 2021-22 reorganization is real and post-dates this DISTID's assignment -- needs a follow-up check,0,1101.0
12,Arunachal Pradesh,1.0,Papujm Prae,Arunachal Pradesh,Papum Pare (best guess at intended name),Arunachal Pradesh created many new districts 2015-2020 by splitting existing ones; unclear whether any affect this specific district,WEAK - low confidence,"DISTNAME label itself appears garbled/truncated in the raw file ('Papujm Prae') -- likely Papum Pare but not certain. Single-district state in this sample so no DISTID collision, but the label quality itself is suspect -- verify spelling against codebook DIST01 is also uncoded (=0) for this state -- the garbled name label cannot be cross-checked against the Census 2001 code either.",0,1201.0
13,Nagaland,,Mokochung,Nagaland,,No change identified,UNRESOLVED,"NOT USABLE FOR HOUSEHOLD/PSU ASSIGNMENT: all 4 sampled Nagaland districts (Mokochung, Wokha, Dimapur, Kohima) share DISTID=0 in this file with no other distinguishing field. This row is a name-level reference only -- it cannot tell you which household belongs to which district. Resolving this requires the official IHDS-I codebook or another identifying variable not present in the household file Checked further: the file's other district-code field (DIST01, the Census 2001 district code that successfully resolved similar collisions in MP/Karnataka/Gujarat/Tamil Nadu/Rajasthan/Delhi) is ALSO uncoded (=0) for every sampled household in this state. This is a genuine data gap in the source file for this state, not something resolvable without an external file.",0,
13,Nagaland,,Wokkha,Nagaland,,No change identified,UNRESOLVED,"See DISTID=0 anomaly note on the Mokochung row above -- same limitation applies Checked further: the file's other district-code field (DIST01, the Census 2001 district code that successfully resolved similar collisions in MP/Karnataka/Gujarat/Tamil Nadu/Rajasthan/Delhi) is ALSO uncoded (=0) for every sampled household in this state. This is a genuine data gap in the source file for this state, not something resolvable without an external file.",0,
13,Nagaland,,Dimapur,Nagaland,,No change identified,UNRESOLVED,"See DISTID=0 anomaly note above Checked further: the file's other district-code field (DIST01, the Census 2001 district code that successfully resolved similar collisions in MP/Karnataka/Gujarat/Tamil Nadu/Rajasthan/Delhi) is ALSO uncoded (=0) for every sampled household in this state. This is a genuine data gap in the source file for this state, not something resolvable without an external file.",0,
13,Nagaland,,Kohima,Nagaland,,2021 district creation (Chumoukedima carved from Kohima),UNRESOLVED,"See DISTID=0 anomaly note above -- reorg event listed for reference only, cannot be attributed to specific households Checked further: the file's other district-code field (DIST01, the Census 2001 district code that successfully resolved similar collisions in MP/Karnataka/Gujarat/Tamil Nadu/Rajasthan/Delhi) is ALSO uncoded (=0) for every sampled household in this state. This is a genuine data gap in the source file for this state, not something resolvable without an external file.",0,
14,Manipur,,Imphal West,Manipur,,No change identified,UNRESOLVED,"NOT USABLE FOR HOUSEHOLD/PSU ASSIGNMENT: sampled Manipur districts share DISTID=0. One row in the raw file has a completely missing DISTNAME label as well -- a further, separate data gap Checked further: the file's other district-code field (DIST01, the Census 2001 district code that successfully resolved similar collisions in MP/Karnataka/Gujarat/Tamil Nadu/Rajasthan/Delhi) is ALSO uncoded (=0) for every sampled household in this state. This is a genuine data gap in the source file for this state, not something resolvable without an external file.",0,
14,Manipur,,Imphal East,Manipur,,No change identified,UNRESOLVED,"See note above Checked further: the file's other district-code field (DIST01, the Census 2001 district code that successfully resolved similar collisions in MP/Karnataka/Gujarat/Tamil Nadu/Rajasthan/Delhi) is ALSO uncoded (=0) for every sampled household in this state. This is a genuine data gap in the source file for this state, not something resolvable without an external file.",0,
15,Mizoram,1.0,Aizawl,Mizoram,Aizawl,No boundary change identified for this specific district in this research pass,PROVISIONAL - needs verification,Mizoram has added several new districts since 2001 elsewhere in the state; not confirmed whether any affect Aizawl specifically,0,1501.0
16,Tripura,,West Tripura,Tripura,,2012 district creation,UNRESOLVED,"NOT USABLE FOR HOUSEHOLD/PSU ASSIGNMENT: both sampled Tripura districts share DISTID=0 Checked further: the file's other district-code field (DIST01, the Census 2001 district code that successfully resolved similar collisions in MP/Karnataka/Gujarat/Tamil Nadu/Rajasthan/Delhi) is ALSO uncoded (=0) for every sampled household in this state. This is a genuine data gap in the source file for this state, not something resolvable without an external file.",0,
16,Tripura,,South Tripura,Tripura,,2012 district creation,UNRESOLVED,"See note above Checked further: the file's other district-code field (DIST01, the Census 2001 district code that successfully resolved similar collisions in MP/Karnataka/Gujarat/Tamil Nadu/Rajasthan/Delhi) is ALSO uncoded (=0) for every sampled household in this state. This is a genuine data gap in the source file for this state, not something resolvable without an external file.",0,
17,Meghalaya,,RBHOI,Meghalaya,,No change identified (name is an abbreviation/transliteration of Ri Bhoi),UNRESOLVED,"NOT USABLE FOR HOUSEHOLD/PSU ASSIGNMENT: all 3 sampled Meghalaya districts share DISTID=0 Checked further: the file's other district-code field (DIST01, the Census 2001 district code that successfully resolved similar collisions in MP/Karnataka/Gujarat/Tamil Nadu/Rajasthan/Delhi) is ALSO uncoded (=0) for every sampled household in this state. This is a genuine data gap in the source file for this state, not something resolvable without an external file.",0,
17,Meghalaya,,East Khasi Hills,Meghalaya,,"No split identified for East Khasi Hills specifically (West Khasi Hills, a different 2001 district not sampled here, was the one split in later reorganizations)",UNRESOLVED,"See note above Checked further: the file's other district-code field (DIST01, the Census 2001 district code that successfully resolved similar collisions in MP/Karnataka/Gujarat/Tamil Nadu/Rajasthan/Delhi) is ALSO uncoded (=0) for every sampled household in this state. This is a genuine data gap in the source file for this state, not something resolvable without an external file.",0,
17,Meghalaya,,Jaintia Hills,Meghalaya,,2012 district creation (Jaintia Hills split into East and West),UNRESOLVED,"See note above Checked further: the file's other district-code field (DIST01, the Census 2001 district code that successfully resolved similar collisions in MP/Karnataka/Gujarat/Tamil Nadu/Rajasthan/Delhi) is ALSO uncoded (=0) for every sampled household in this state. This is a genuine data gap in the source file for this state, not something resolvable without an external file.",0,
18,Assam,2.0,Dhubri,Assam,Dhubri; South Salmara-Mankachar,2015 district creation (South Salmara-Mankachar carved from Dhubri),CONFIRMED,,2,1802.0
18,Assam,3.0,Goalpara,Assam,Goalpara,No change identified since 2001 (Kokrajhar/Bongaigaon already split off pre-2001),CONFIRMED,,3,1803.0
18,Assam,6.0,Kamrup,Assam,Kamrup (Rural); Kamrup Metropolitan; Baksa (partial); Bajali (partial),"2003 district creation (Kamrup Metropolitan); 2004 district creation (Baksa, from Barpeta/Nalbari/Kamrup); Bajali created 2020 (recreated as standalone 2023) -- administrative existence of Kamrup, Kamrup Metropolitan, Nalbari, and Baksa as four distinct districts CONFIRMED via the 2011 Census District Census Handbook official village-level release (district codes 321/322/323/324)",PROVISIONAL - needs verification,"Upgraded this round using a primary source: the 2011 Census District Census Handbook (village-level release for Assam, state code 1800) confirms Kamrup, Kamrup Metropolitan, Nalbari, and Baksa were all distinct, officially coded Census districts by 2011. This resolves the administrative-history question with certainty. What it CANNOT resolve is which of IHDS's specific sampled households/PSUs (coded under 2001's single 'Kamrup' district) ended up in which of these four -- that requires linking IHDS's own (deliberately anonymized) PSU/village codes to real village names, which no external census file can supply. This is a structural limit of working with de-identified survey microdata, not something more searching or a better primary source can close.",6,1806.0
18,Assam,9.0,Marigaon,Assam,Morigaon,No boundary change identified; spelling standardized to Morigaon,PROVISIONAL - needs verification,Not individually re-verified for splits this session,9,1809.0
18,Assam,14.0,Tinsukia,Assam,Tinsukia,No change identified since 2001,CONFIRMED,,14,1814.0
18,Assam,17.0,Jorhat,Assam,Jorhat; Majuli,"2016 district creation (Majuli, India's first river-island district, carved from Jorhat)",CONFIRMED,,17,1817.0
18,Assam,19.0,Karbi Amglong,Assam,Karbi Anglong; West Karbi Anglong,2015 district creation (West Karbi Anglong carved from Karbi Anglong),CONFIRMED,,19,1819.0
18,Assam,21.0,Cachar,Assam,Cachar,No change identified since 2001 (Hailakandi/Karimganj already split off pre-2001),CONFIRMED,,21,1821.0
19,West Bengal,1.0,Darjiling,West Bengal,Darjeeling; Kalimpong,2017 district creation (Kalimpong carved from Darjeeling),CONFIRMED,,1,1901.0
19,West Bengal,2.0,Jalapiguri,West Bengal,Jalpaiguri; Alipurduar,2014 district creation (Alipurduar carved from Jalpaiguri),CONFIRMED,,2,1902.0
19,West Bengal,4.0,Uttar Dinajpur,West Bengal,Uttar Dinajpur,No change since 1992 (already split from West Dinajpur pre-2001),CONFIRMED,,4,1904.0
19,West Bengal,6.0,Maldah,West Bengal,Malda,No change identified since 2001,CONFIRMED,,6,1906.0
19,West Bengal,7.0,Murshidabad,West Bengal,Murshidabad,A new 'Jangipur' district was announced (carved from Murshidabad) in the state's June 2026 budget session; implementation/notification status not yet confirmed,PROVISIONAL - needs verification,"Very recent announcement (June 2026) -- treat as provisional, not yet a finalized administrative change as of this research pass",7,1907.0
19,West Bengal,8.0,Birbhum,West Bengal,Birbhum,No change identified since 2001,CONFIRMED,,8,1908.0
19,West Bengal,9.0,Barddhaman,West Bengal,Purba Bardhaman; Paschim Bardhaman,2017 district creation (Bardhaman split into East and West),CONFIRMED,,9,1909.0
19,West Bengal,10.0,Nadia,West Bengal,Nadia,No change identified since 2001,CONFIRMED,,10,1910.0
19,West Bengal,11.0,North 24 Parganas,West Bengal,North 24 Parganas,"A new 'Basirhat' district was announced in June 2026, likely carved from North 24 Parganas; not yet confirmed as notified/operational",PROVISIONAL - needs verification,"Same caveat as Murshidabad/Jangipur -- June 2026 announcement, provisional",11,1911.0
19,West Bengal,12.0,Hugli,West Bengal,Hooghly,"A new 'Arambagh' district was announced in June 2026, likely carved from Hooghly; not yet confirmed as notified/operational",PROVISIONAL - needs verification,Provisional -- June 2026 announcement,12,1912.0
19,West Bengal,13.0,Bankura,West Bengal,Bankura,No change identified since 2001,CONFIRMED,,13,1913.0
19,West Bengal,16.0,Haora,West Bengal,Howrah,No change identified since 2001,CONFIRMED,,16,1916.0
19,West Bengal,17.0,Kolkata,West Bengal,Kolkata,A 'Kolkata (reorganisation)' item was announced in the June 2026 budget session -- exact meaning/scope unclear from available sourcing,WEAK - low confidence,Needs a dedicated follow-up search once more detail is published; do not assume this implies a district split,17,1917.0
19,West Bengal,18.0,South 24 Parganas,West Bengal,South 24 Parganas,"A new 'Sundarban' district was announced in June 2026, likely carved from North and/or South 24 Parganas; not yet confirmed as notified/operational",PROVISIONAL - needs verification,Provisional -- June 2026 announcement,18,1918.0
20,Jharkhand,2.0,Palamu,Jharkhand,Palamu; Latehar,"Latehar created 4 April 2001 via Jharkhand Government Notification No. 946, carved from Palamu only",CONFIRMED,CORRECTED and confirmed this round: earlier note speculated Chatra might also be a parent district -- primary-source confirmation from Latehar's own district administration website (citing the actual notification number) shows Palamu was the sole parent,2,2002.0
20,Jharkhand,12.0,Dhanbad,Jharkhand,Dhanbad,No change identified since 2001,CONFIRMED,,12,2012.0
20,Jharkhand,13.0,Bokaro,Jharkhand,Bokaro,No change identified since 2001,CONFIRMED,,13,2013.0
20,Jharkhand,14.0,Ranchi,Jharkhand,Ranchi; Khunti,2007 district creation (Khunti carved from Ranchi),CONFIRMED,,14,2014.0
20,Jharkhand,17.0,Pashchimi Singbhum,Jharkhand,West Singhbhum; Saraikela-Kharsawan,"Saraikela-Kharsawan created 2001 (sources vary between 1 April and 1 December 2001), carved from West Singhbhum only",CONFIRMED,"Confirmed this round via multiple independent sources (Wikipedia, Grokipedia, district government site) -- West Singhbhum is the sole parent. Minor date discrepancy across sources (April vs December 2001) not fully resolved but does not affect the parentage finding",17,2017.0
20,Jharkhand,18.0,Purbi Singhbhum,Jharkhand,East Singhbhum,No change identified since 2001,CONFIRMED,,18,2018.0
21,Orissa,1.0,Bargarh,Odisha,Bargarh,"No change since 1994; Odisha's 30 districts have been stable since 1993-94, no new district notified as of this research pass",CONFIRMED,State name Orissa officially changed to Odisha in 2011 (spelling only),1,2101.0
21,Orissa,2.0,Jharsuguda,Odisha,Jharsuguda,No change since 1994,CONFIRMED,,2,2102.0
21,Orissa,3.0,Sambalpur,Odisha,Sambalpur,No change since 1994,CONFIRMED,,3,2103.0
21,Orissa,5.0,Sundargarh,Odisha,Sundargarh,No change since 1994,CONFIRMED,,5,2105.0
21,Orissa,6.0,Kendujhar,Odisha,Kendujhar (Keonjhar),No change since 1994; spelling variant Keonjhar in common use,CONFIRMED,,6,2106.0
21,Orissa,7.0,Mayurbhanj,Odisha,Mayurbhanj,No change since 1994,CONFIRMED,,7,2107.0
21,Orissa,8.0,Baleshwar,Odisha,Baleshwar (Balasore),No change since 1994; spelling variant Balasore in common use,CONFIRMED,,8,2108.0
21,Orissa,9.0,Bhadrak,Odisha,Bhadrak,No change since 1994,CONFIRMED,,9,2109.0
21,Orissa,12.0,Cuttack,Odisha,Cuttack,No change since 1994,CONFIRMED,,12,2112.0
21,Orissa,13.0,Jajapur,Odisha,Jajapur (Jajpur),No change since 1994; spelling variant Jajpur in common use,CONFIRMED,,13,2113.0
21,Orissa,14.0,Dhenkanal,Odisha,Dhenkanal,No change since 1994,CONFIRMED,,14,2114.0
21,Orissa,15.0,Anugul,Odisha,Anugul (Angul),No change since 1994; spelling variant Angul in common use,CONFIRMED,,15,2115.0
21,Orissa,16.0,Nayagarh,Odisha,Nayagarh,No change since 1994,CONFIRMED,,16,2116.0
21,Orissa,17.0,Khordha,Odisha,Khordha,No change since 1994,CONFIRMED,,17,2117.0
21,Orissa,18.0,Puri,Odisha,Puri,No change since 1994,CONFIRMED,,18,2118.0
21,Orissa,19.0,Ganjam,Odisha,Ganjam,No change since 1994,CONFIRMED,,19,2119.0
21,Orissa,20.0,Gajapati,Odisha,Gajapati,No change since 1994,CONFIRMED,,20,2120.0
21,Orissa,21.0,Kandhamal,Odisha,Kandhamal,No change since 1994,CONFIRMED,,21,2121.0
21,Orissa,22.0,Baudh,Odisha,Baudh (Boudh),No change since 1994; spelling variant Boudh in common use,CONFIRMED,,22,2122.0
21,Orissa,23.0,Sonapur,Odisha,Subarnapur (Sonepur),"No change since 1994; official name Subarnapur, commonly called Sonepur",PROVISIONAL - needs verification,Naming variants across sources not fully reconciled -- confirm which spelling appears in current government datasets before merging,23,2123.0
21,Orissa,24.0,Balangir,Odisha,Balangir (Bolangir),No change since 1994; spelling variant Bolangir in common use,CONFIRMED,,24,2124.0
21,Orissa,26.0,Kalahandi,Odisha,Kalahandi,No change since 1994,CONFIRMED,,26,2126.0
21,Orissa,27.0,Rayagada,Odisha,Rayagada,No change since 1994,CONFIRMED,,27,2127.0
21,Orissa,28.0,Nabarangapur,Odisha,Nabarangpur,No change since 1994; spelling variant,CONFIRMED,,28,2128.0
21,Orissa,29.0,Koraput,Odisha,Koraput,No change since 1994,CONFIRMED,,29,2129.0
21,Orissa,30.0,Malkangiri,Odisha,Malkangiri,No change since 1994,CONFIRMED,,30,2130.0
22,Chhattisgarh,1.0,Koriya,Chhattisgarh,Koriya; part of Manendragarh-Chirmiri-Bharatpur (2022),2022 district creation,CONFIRMED,"Upgraded this round: multiple sources consistently group Manendragarh-Chirmiri-Bharatpur with Koriya/Surguja division, confirming the parentage",1,2201.0
22,Chhattisgarh,2.0,Sarguja,Chhattisgarh,Surguja; Surajpur; Balrampur,2012 district creation (Surajpur and Balrampur both carved from Surguja),CONFIRMED,,2,2202.0
22,Chhattisgarh,3.0,Jashpur,Chhattisgarh,Jashpur,No change identified since 2012 reorganization,CONFIRMED,,3,2203.0
22,Chhattisgarh,4.0,Raigarh,Chhattisgarh,Raigarh; part of Sarangarh-Bilaigarh (2022),2022 district creation -- Sarangarh-Bilaigarh confirmed carved from Raigarh and Baloda Bazar (the latter itself a 2012-creation from Raipur),CONFIRMED,"Verified this round via Wikipedia + district government site (sarangarh-bilaigarh.cg.gov.in), consistent across sources",4,2204.0
22,Chhattisgarh,5.0,Korba,Chhattisgarh,Korba,No change identified since 2012 reorganization,CONFIRMED,,5,2205.0
22,Chhattisgarh,6.0,Janjgir,Chhattisgarh,Janjgir-Champa,No boundary change identified beyond the standard current name; not individually re-verified for a 2022 split,PROVISIONAL - needs verification,,6,2206.0
22,Chhattisgarh,7.0,Bilas Pur,Chhattisgarh,Bilaspur; part of Gaurela-Pendra-Marwahi (2020),"2020 district creation -- Gaurela-Pendra-Marwahi confirmed carved from Bilaspur (announced 15 Aug 2019, inaugurated 10 Feb 2020)",CONFIRMED,"Verified this round via Wikipedia + district government site, single clean parent district",7,2207.0
22,Chhattisgarh,8.0,Kawardha,Chhattisgarh,Kabirdham (Kawardha),No 2022 split confirmed for this district specifically -- the earlier attribution of Khairagarh-Chhuikhadan-Gandai to Kawardha was not well-supported; Rajnandgaon appears the more likely parent (see that row),PROVISIONAL - needs verification,Corrected this round: the earlier guess attributing Khairagarh-Chhuikhadan-Gandai to Kawardha was not well-supported by sourcing found this round -- moved that attribution to Rajnandgaon instead. Recommend a primary-source check (Chhattisgarh gazette notification) before relying on either,8,2208.0
22,Chhattisgarh,9.0,Rajnandgaon,Chhattisgarh,Rajnandgaon; Mohla-Manpur-Ambagarh Chowki; Khairagarh-Chhuikhadan-Gandai (likely primary parent),"2022 district creation(s) -- Mohla-Manpur-Ambagarh Chowki confirmed carved from Rajnandgaon; Khairagarh-Chhuikhadan-Gandai's historical territory (former Khairagarh princely state) was also administered under Rajnandgaon, making it the more likely primary parent rather than Kawardha",PROVISIONAL - needs verification,"Improved this round: Mohla-Manpur-Ambagarh Chowki's parentage from Rajnandgaon is now confirmed directly (CM inauguration coverage). Khairagarh-Chhuikhadan-Gandai's exact parent is still not confirmed from a primary source -- historical administrative lineage points to Rajnandgaon over Kawardha, but treat as a corrected hypothesis, not a confirmed fact",9,2209.0
22,Chhattisgarh,10.0,Durg,Chhattisgarh,Durg; Balod; Bemetara,2012 district creation (both Balod and Bemetara carved from Durg),CONFIRMED,,10,2210.0
22,Chhattisgarh,11.0,Raipur,Chhattisgarh,Raipur; Baloda Bazar; Gariaband,2012 district creation (both Baloda Bazar and Gariaband carved from Raipur),CONFIRMED,,11,2211.0
22,Chhattisgarh,12.0,Mahasamund,Chhattisgarh,Mahasamund,No change identified since 2012 reorganization,CONFIRMED,,12,2212.0
22,Chhattisgarh,13.0,Dhamtari,Chhattisgarh,Dhamtari,No change identified since 2012 reorganization,CONFIRMED,,13,2213.0
22,Chhattisgarh,14.0,Kanker,Chhattisgarh,Kanker,No change identified since 2012 reorganization,CONFIRMED,,14,2214.0
22,Chhattisgarh,15.0,Bastar,Chhattisgarh,Bastar; Kondagaon,2012 district creation (Kondagaon carved from Bastar),CONFIRMED,,15,2215.0
23,Madhya Pradesh,1.0,Sheopur,Madhya Pradesh,Sheopur,No change identified since 2001,CONFIRMED,,1,2301.0
23,Madhya Pradesh,2.0,Morena,Madhya Pradesh,Morena,No change identified since 2001,CONFIRMED,,2,2302.0
23,Madhya Pradesh,4.0,Gwalior,Madhya Pradesh,Gwalior,No change identified since 2001,CONFIRMED,,4,2304.0
23,Madhya Pradesh,5.0,Datia,Madhya Pradesh,Datia,No change identified since 2001,CONFIRMED,,5,2305.0
23,Madhya Pradesh,8.0,Tikamgarh,Madhya Pradesh,Tikamgarh; Niwari,2018 district creation,CONFIRMED,,8,2308.0
23,Madhya Pradesh,9.0,Chhatarpur,Madhya Pradesh,Chhatarpur,No change identified since 2001,CONFIRMED,,9,2309.0
23,Madhya Pradesh,10.0,Panna,Madhya Pradesh,Panna,No change identified since 2001,CONFIRMED,,10,2310.0
23,Madhya Pradesh,12.0,Damoh,Madhya Pradesh,Damoh,No change identified since 2001,CONFIRMED,,12,2312.0
23,Madhya Pradesh,13.0,Satna,Madhya Pradesh,Satna; Maihar,2023 district creation,CONFIRMED,,13,2313.0
23,Madhya Pradesh,15.0,Umaria,Madhya Pradesh,Umaria,No change identified since 2001,CONFIRMED,,15,2315.0
23,Madhya Pradesh,16.0,Shahdol,Madhya Pradesh,Shahdol; Anuppur,2003 district creation,CONFIRMED,,16,2316.0
23,Madhya Pradesh,17.0,Sidhi,Madhya Pradesh,Sidhi; Singrauli,2008 district creation,CONFIRMED,,17,2317.0
23,Madhya Pradesh,20.0,Ratlam,Madhya Pradesh,Ratlam,No change identified since 2001,CONFIRMED,,20,2320.0
23,Madhya Pradesh,21.0,Ujjain,Madhya Pradesh,Ujjain,No change identified since 2001,CONFIRMED,,21,2321.0
23,Madhya Pradesh,22.0,Shajapur,Madhya Pradesh,Shajapur; Agar Malwa,2013 district creation,CONFIRMED,,22,2322.0
23,Madhya Pradesh,23.0,Dewas,Madhya Pradesh,Dewas,No change identified since 2001,CONFIRMED,,23,2323.0
23,Madhya Pradesh,25.0,Dhar,Madhya Pradesh,Dhar,"No change identified since 2001 (Alirajpur 2008 was carved from Jhabua, not Dhar)",CONFIRMED,,25,2325.0
23,Madhya Pradesh,26.0,Indore,Madhya Pradesh,Indore,No change identified since 2001,CONFIRMED,,26,2326.0
23,Madhya Pradesh,27.0,West Nimar (Khargone),Madhya Pradesh,Khargone,"Renamed West Nimar to Khargone (date unverified); Barwani (DISTID=28 in this file) is a genuinely separate district, not a mislabeling of this one",CONFIRMED,"RESOLVED via DIST01 (Census 2001 district code): DIST01=27 confirms this is West Nimar/Khargone, distinct from DIST01=28 (Barwani). The earlier DISTID-level anomaly was in IHDS's internal batch code, not in the true district identity",27,2327.0
23,Madhya Pradesh,28.0,Barwani,Madhya Pradesh,Barwani,No change identified since 2001,CONFIRMED,"RESOLVED via DIST01=28, confirmed distinct from DISTID=27 (West Nimar/Khargone)",28,2328.0
23,Madhya Pradesh,29.0,East Nimar (Khandwa),Madhya Pradesh,Khandwa; Burhanpur,Renamed East Nimar to Khandwa (date unverified); 2003 district creation split off Burhanpur,PROVISIONAL - needs verification,Rename date to Khandwa not independently verified,29,2329.0
23,Madhya Pradesh,30.0,Rajgarh,Madhya Pradesh,Rajgarh,No change identified since 2001,CONFIRMED,,30,2330.0
23,Madhya Pradesh,32.0,Bhopal,Madhya Pradesh,Bhopal,No change identified since 2001,CONFIRMED,,32,2332.0
23,Madhya Pradesh,35.0,Betul,Madhya Pradesh,Betul,No change identified since 2001,CONFIRMED,,35,2335.0
23,Madhya Pradesh,36.0,Harda,Madhya Pradesh,Harda,No change identified since 2001,CONFIRMED,,36,2336.0
23,Madhya Pradesh,37.0,Hoshangabad,Madhya Pradesh,Narmadapuram,"Renamed from Hoshangabad to Narmadapuram, effective 7 February 2022 (Centre approved MP government proposal Feb 2022); boundary unchanged",CONFIRMED,Verified this round: exact rename date confirmed via multiple contemporaneous news sources,37,2337.0
23,Madhya Pradesh,38.0,Katni,Madhya Pradesh,Katni,No change identified since 2001,CONFIRMED,,38,2338.0
23,Madhya Pradesh,39.0,Jabalpur,Madhya Pradesh,Jabalpur,No change identified since 2001,CONFIRMED,,39,2339.0
23,Madhya Pradesh,41.0,Dindori,Madhya Pradesh,Dindori,No change identified since 2001,CONFIRMED,,41,2341.0
23,Madhya Pradesh,42.0,Mandla,Madhya Pradesh,Mandla,No change identified since 2001,CONFIRMED,,42,2342.0
23,Madhya Pradesh,44.0,Seoni,Madhya Pradesh,Seoni,"No change identified since 2001 (Pandhurna 2023 was carved from Chhindwara, not Seoni)",CONFIRMED,,44,2344.0
24,Gujarat,1.0,Kachchh,Gujarat,Kutch (Kachchh),No change identified since 2001,CONFIRMED,,1,2401.0
24,Gujarat,3.0,Patan,Gujarat,Patan,No change since 2000 (already split pre-dating both IHDS waves),CONFIRMED,,3,2403.0
24,Gujarat,4.0,Mahesana,Gujarat,Mehsana,No change identified since 2001,CONFIRMED,,4,2404.0
24,Gujarat,6.0,Gandhinagar,Gujarat,Gandhinagar,No change identified since 2001,CONFIRMED,"RESOLVED via DIST01 (Census 2001 code)=6, distinct from DIST01=7 (Ahmedabad); both previously shared IHDS's internal DISTID=7 batch code",6,2406.0
24,Gujarat,7.0,Ahmedabad,Gujarat,Ahmedabad; part of Botad (2013),2013 district creation (Botad carved from Ahmedabad and Bhavnagar),CONFIRMED,"RESOLVED via DIST01=7, distinct from DIST01=6 (Gandhinagar)",7,2407.0
24,Gujarat,8.0,Surendranagar,Gujarat,Surendranagar; part of Morbi (2013),2013 district creation (Morbi carved from Rajkot and Surendranagar),PROVISIONAL - needs verification,Exact territorial share not confirmed,8,2408.0
24,Gujarat,9.0,Rajkot,Gujarat,Rajkot; part of Morbi (2013),2013 district creation (Morbi carved from Rajkot and Surendranagar),PROVISIONAL - needs verification,Exact territorial share not confirmed,9,2409.0
24,Gujarat,10.0,Jamnagar,Gujarat,Jamnagar; Devbhoomi Dwarka,2013 district creation (Devbhoomi Dwarka carved from Jamnagar),CONFIRMED,,10,2410.0
24,Gujarat,12.0,Junagadh,Gujarat,Junagadh; Gir Somnath,2013 district creation (Gir Somnath carved from Junagadh),CONFIRMED,,12,2412.0
24,Gujarat,13.0,Amreli,Gujarat,Amreli,No change identified since 2001,CONFIRMED,,13,2413.0
24,Gujarat,14.0,Bhavnagar,Gujarat,Bhavnagar; part of Botad (2013),2013 district creation (Botad carved from Ahmedabad and Bhavnagar),PROVISIONAL - needs verification,Exact territorial share not confirmed,14,2414.0
24,Gujarat,15.0,Anand,Gujarat,Anand,No change identified since 2001 (already split from Kheda pre-2001),CONFIRMED,"RESOLVED via DIST01=15, distinct from DIST01=16 (Kheda)",15,2415.0
24,Gujarat,16.0,Kheda,Gujarat,Kheda; part of Mahisagar (2013),2013 district creation (Mahisagar carved from Kheda and Panchmahal),CONFIRMED,"RESOLVED via DIST01=16, distinct from DIST01=15 (Anand)",16,2416.0
24,Gujarat,19.0,Vadodara,Gujarat,Vadodara; Chhota Udaipur,2013 district creation (Chhota Udaipur carved from Vadodara),CONFIRMED,"RESOLVED via DIST01=19, distinct from DIST01=20 (Narmada)",19,2419.0
24,Gujarat,20.0,Narmada,Gujarat,Narmada,No change identified since 2001,CONFIRMED,"RESOLVED via DIST01=20, distinct from DIST01=19 (Vadodara)",20,2420.0
24,Gujarat,21.0,Bharuch,Gujarat,Bharuch,No change identified since 2001,CONFIRMED,,21,2421.0
24,Gujarat,22.0,Surat,Gujarat,Surat; Tapi,2007 district creation (Tapi carved from Surat),CONFIRMED,,22,2422.0
25,Daman & Diu,1.0,Diu,Dadra and Nagar Haveli and Daman and Diu,UNRESOLVED -- see anomaly note,,UNRESOLVED,"DATA ANOMALY: DISTID=0 in this state carries labels for BOTH Diu and Daman -- cannot distinguish which household belongs to which without the codebook. Both are now part of the merged UT of Dadra and Nagar Haveli and Daman and Diu (2020 merger) regardless Checked further: DIST01 (which resolved the MP/Karnataka/Gujarat/Tamil Nadu/Rajasthan/Delhi collisions) is also uncoded (=0) here -- genuine data gap, not resolvable from this file.",0,2501.0
26,Dadra+Nagar Haveli,1.0,Dadra & Nagar Haveli,Dadra and Nagar Haveli and Daman and Diu,Dadra and Nagar Haveli,2020 merger -- Dadra & Nagar Haveli and Daman & Diu were merged into a single UT,CONFIRMED,,0,2601.0
27,Maharashtra,1.0,Nandurbar,Maharashtra,Nandurbar,No change identified since 2001,CONFIRMED,,1,2701.0
27,Maharashtra,2.0,Dhule,Maharashtra,Dhule,No change identified since 2001,CONFIRMED,,2,2702.0
27,Maharashtra,3.0,Jalgaon,Maharashtra,Jalgaon,No change identified since 2001,CONFIRMED,,3,2703.0
27,Maharashtra,5.0,Akola,Maharashtra,Akola,No change identified since 2001,CONFIRMED,,5,2705.0
27,Maharashtra,6.0,Washim,Maharashtra,Washim,No change identified since 2001 (already split from Akola pre-2001),CONFIRMED,,6,2706.0
27,Maharashtra,7.0,Amarawti,Maharashtra,Amravati,No change identified since 2001,CONFIRMED,,7,2707.0
27,Maharashtra,8.0,Wardha,Maharashtra,Wardha,No change identified since 2001,CONFIRMED,,8,2708.0
27,Maharashtra,9.0,Nagpur,Maharashtra,Nagpur,No change identified since 2001,CONFIRMED,,9,2709.0
27,Maharashtra,10.0,Bhandara,Maharashtra,Bhandara,No change identified since 2001,CONFIRMED,,10,2710.0
27,Maharashtra,11.0,Gondiya,Maharashtra,Gondia,No change identified since 2001 (already split from Bhandara pre-2001),CONFIRMED,,11,2711.0
27,Maharashtra,13.0,Chandrapur,Maharashtra,Chandrapur,No change identified since 2001,CONFIRMED,,13,2713.0
27,Maharashtra,14.0,Yavatmal,Maharashtra,Yavatmal,No change identified since 2001,CONFIRMED,,14,2714.0
27,Maharashtra,15.0,Nanded,Maharashtra,Nanded,No change identified since 2001,CONFIRMED,,15,2715.0
27,Maharashtra,16.0,Hingoli,Maharashtra,Hingoli,No change identified since 2001 (already split from Parbhani pre-2001),CONFIRMED,,16,2716.0
27,Maharashtra,17.0,Parbhani,Maharashtra,Parbhani,No change identified since 2001,CONFIRMED,,17,2717.0
27,Maharashtra,18.0,Jalna,Maharashtra,Jalna,No change identified since 2001,CONFIRMED,,18,2718.0
27,Maharashtra,20.0,Nasik,Maharashtra,Nashik,No change identified since 2001,CONFIRMED,,20,2720.0
27,Maharashtra,21.0,Thane,Maharashtra,Thane; Palghar,2014 district creation (Palghar carved from Thane),CONFIRMED,,21,2721.0
27,Maharashtra,22.0,Mumbai Suburban,Maharashtra,Mumbai Suburban,"Mumbai Suburban appears as its own DIST01 code only from IHDS-II onward -- 0 households in IHDS-I, 319 in IHDS-II",CONFIRMED,"Resolves the open question already flagged in this crosswalk's own dist01=23 (Mumbai) row. Confirmed via IHDS-II's own DISTRICT value label (code 2722 = ""Mumbai (suburban)"" per the IHDS-II .dta metadata) -- a primary source, not inference. IHDS-I's single ""Mumbai"" code (23) appears to have covered both Mumbai City and Mumbai Suburban jointly; IHDS-II split them. Anyone doing IHDS-I-only analysis should treat dist01=23 as covering both; anyone using IHDS-II should use 22 and 23 separately.",22,2722.0
27,Maharashtra,23.0,Mumbai,Maharashtra,Mumbai City,"No change identified since 2001 -- verify whether this DISTID captures Mumbai City only or also Mumbai Suburban, since the two are separate districts administratively",CONFIRMED,"Covers Mumbai City. Mumbai Suburban (dist01=22) is a separate row, added after confirming via IHDS-II's own DISTRICT value label that it only appears as its own code from IHDS-II onward. IHDS-I-only analyses should treat this row (23) as covering both Mumbai City and Mumbai Suburban.",23,2723.0
27,Maharashtra,25.0,Pune,Maharashtra,Pune,No change identified since 2001,CONFIRMED,,25,2725.0
27,Maharashtra,26.0,Ahmadnagar,Maharashtra,Ahilyanagar,Renamed from Ahmednagar to Ahilyanagar in 2023; boundary unchanged,CONFIRMED,,26,2726.0
27,Maharashtra,27.0,Bid,Maharashtra,Beed,No change identified since 2001,CONFIRMED,,27,2727.0
27,Maharashtra,29.0,Osmanabad,Maharashtra,Dharashiv,Renamed from Osmanabad to Dharashiv in 2023; boundary unchanged,CONFIRMED,,29,2729.0
27,Maharashtra,30.0,Solapur,Maharashtra,Solapur,No change identified since 2001,CONFIRMED,,30,2730.0
27,Maharashtra,31.0,Satara,Maharashtra,Satara,No change identified since 2001,CONFIRMED,,31,2731.0
27,Maharashtra,32.0,Ratnagiri,Maharashtra,Ratnagiri,No change identified since 2001,CONFIRMED,,32,2732.0
27,Maharashtra,34.0,Kolhapur,Maharashtra,Kolhapur,No change identified since 2001,CONFIRMED,,34,2734.0
28,Andhra Pradesh,1.0,Adilabad,Telangana,Adilabad; Komaram Bheem Asifabad; Mancherial; Nirmal,2014 state bifurcation; 2016 district reorganization,CONFIRMED,Verified via Wikipedia List of districts of Telangana + district-level sources,1,2801.0
28,Andhra Pradesh,2.0,Nizamabad,Telangana,Nizamabad; Kamareddy,2014 state bifurcation; 2016 district reorganization,CONFIRMED,,2,2802.0
28,Andhra Pradesh,3.0,Karimnagar,Telangana,Karimnagar; Peddapalli; Jagtial; Rajanna Sircilla,2014 state bifurcation; 2016 district reorganization,PROVISIONAL - needs verification,Mancherial sometimes attributed partly to old Karimnagar as well as old Adilabad in some sources -- verify boundary detail before treating as exhaustive,3,2803.0
28,Andhra Pradesh,4.0,Medak,Telangana,Medak; Sangareddy; Siddipet,2014 state bifurcation; 2016 district reorganization,CONFIRMED,,4,2804.0
28,Andhra Pradesh,5.0,Hyderabad,Telangana,Hyderabad,2014 state bifurcation only,CONFIRMED,Only Telangana district untouched by the 2016 reorganization,5,2805.0
28,Andhra Pradesh,6.0,Rangareddi,Telangana,Rangareddy; Medchal-Malkajgiri; Vikarabad,2014 state bifurcation; 2016 district reorganization,CONFIRMED,,6,2806.0
28,Andhra Pradesh,7.0,Mahbubnagar,Telangana,Mahabubnagar; Jogulamba Gadwal; Wanaparthy; Nagarkurnool; Narayanpet,2014 state bifurcation; 2016 district reorganization; 2019 Narayanpet carve-out,CONFIRMED,,7,2807.0
28,Andhra Pradesh,10.0,Khammam,Telangana,Khammam; Bhadradri Kothagudem,2014 state bifurcation; 2016 district reorganization,CONFIRMED,,10,2810.0
28,Andhra Pradesh,13.0,Visakhapatnam,Andhra Pradesh,Visakhapatnam; Anakapalli; Alluri Sitharama Raju,2022 district reorganization,CONFIRMED,,13,2813.0
28,Andhra Pradesh,14.0,East Godavari,Andhra Pradesh,East Godavari; Kakinada; Konaseema,2022 district reorganization,CONFIRMED,,14,2814.0
28,Andhra Pradesh,15.0,West Godavari,Andhra Pradesh,West Godavari; Eluru,2022 district reorganization,CONFIRMED,,15,2815.0
28,Andhra Pradesh,16.0,Krishna,Andhra Pradesh,Krishna; NTR,2022 district reorganization,CONFIRMED,,16,2816.0
28,Andhra Pradesh,17.0,Guntur,Andhra Pradesh,Guntur; Bapatla; Palnadu,2022 district reorganization,CONFIRMED,,17,2817.0
28,Andhra Pradesh,18.0,Prakasam,Andhra Pradesh,Prakasam,No split identified in 2022 reorganization,PROVISIONAL - needs verification,Not listed as a source district for any of the 13 new 2022 districts -- confirm it was not merely renamed,18,2818.0
28,Andhra Pradesh,19.0,Nellore,Andhra Pradesh,Sri Potti Sriramulu Nellore,"2022 district reorganization (rename, boundaries largely unchanged)",PROVISIONAL - needs verification,Rename confirmed in sourcing; need to verify whether any territory was also transferred out,19,2819.0
28,Andhra Pradesh,20.0,Cuddapah,Andhra Pradesh,YSR Kadapa; Annamayya,"Renamed to YSR/Kadapa (date needs verification, believed pre-2022); 2022 district reorganization split off Annamayya",PROVISIONAL - needs verification,Rename to YSR district and the Annamayya split both need independent source verification,20,2820.0
28,Andhra Pradesh,21.0,Kurnool,Andhra Pradesh,Kurnool; Nandyal,2022 district reorganization,CONFIRMED,,21,2821.0
28,Andhra Pradesh,22.0,Anantapur,Andhra Pradesh,Anantapur; Sri Satya Sai,2022 district reorganization,CONFIRMED,,22,2822.0
28,Andhra Pradesh,23.0,Chittoor,Andhra Pradesh,Chittoor; Tirupati,2022 district reorganization,CONFIRMED,,23,2823.0
29,Karnataka,1.0,Belgaum,Karnataka,Belagavi,No boundary change identified; spelling standardized to Belagavi. Periodic political proposals to split Belagavi into 2-3 districts remain unimplemented,CONFIRMED,,1,2901.0
29,Karnataka,2.0,Bagalkot,Karnataka,Bagalkote,"No change since 1997 split from Bijapur, which predates both IHDS waves",CONFIRMED,,2,2902.0
29,Karnataka,3.0,Bijapur,Karnataka,Vijayapura,Renamed from Bijapur to Vijayapura; boundary unchanged,CONFIRMED,,3,2903.0
29,Karnataka,5.0,Bidar,Karnataka,Bidar,No change identified since 2001,CONFIRMED,,5,2905.0
29,Karnataka,6.0,Raichur,Karnataka,Raichur,"No change identified since 2001 (Koppal already split off in 1997, pre-dating both IHDS waves)",CONFIRMED,,6,2906.0
29,Karnataka,7.0,Koppal,Karnataka,Koppal,No change identified since 2001,CONFIRMED,,7,2907.0
29,Karnataka,8.0,Gadag,Karnataka,Gadag,No change identified since 2001,CONFIRMED,,8,2908.0
29,Karnataka,9.0,Dharwad,Karnataka,Dharwad,No change identified since 2001 (already trifurcated into Dharwad/Gadag/Haveri in 1997),CONFIRMED,,9,2909.0
29,Karnataka,10.0,Uttar Kannad,Karnataka,Uttara Kannada,No change identified since 2001,CONFIRMED,,10,2910.0
29,Karnataka,11.0,Haveri,Karnataka,Haveri,No change identified since 2001,CONFIRMED,,11,2911.0
29,Karnataka,12.0,Bellary,Karnataka,Ballari; Vijayanagara,2020/2021 district creation (Vijayanagara carved from Ballari),CONFIRMED,,12,2912.0
29,Karnataka,13.0,Chitradurga,Karnataka,Chitradurga,No change identified since 2001,CONFIRMED,,13,2913.0
29,Karnataka,14.0,Davanagere,Karnataka,Davanagere,No change identified since 2001,CONFIRMED,,14,2914.0
29,Karnataka,15.0,Shimoga,Karnataka,Shivamogga,Renamed from Shimoga to Shivamogga; boundary unchanged,CONFIRMED,,15,2915.0
29,Karnataka,16.0,Udupi,Karnataka,Udupi,No change identified since 2001 (already split from Dakshina Kannada in 1997),CONFIRMED,,16,2916.0
29,Karnataka,17.0,Chikmagalur,Karnataka,Chikkamagaluru,Spelling standardized to Chikkamagaluru; boundary unchanged,CONFIRMED,,17,2917.0
29,Karnataka,18.0,Tumkur,Karnataka,Tumakuru,Renamed from Tumkur to Tumakuru; boundary unchanged,CONFIRMED,,18,2918.0
29,Karnataka,19.0,Kolar,Karnataka,Kolar; Chikkaballapur (partial),2007 district creation (Chikkaballapur carved from Kolar),CONFIRMED,,19,2919.0
29,Karnataka,20.0,Bangalore,Karnataka,Bengaluru Urban,Renamed from Bangalore to Bengaluru (2014); boundary unchanged,CONFIRMED,,20,2920.0
29,Karnataka,21.0,Bangalore Rural,Karnataka,Bengaluru Rural; Ramanagara (partial),2007 district creation (Ramanagara carved from Bangalore Rural); Ramanagara itself renamed Bengaluru South in 2024,PROVISIONAL - needs verification,Two layers of change here -- the 2007 split and the 2024 rename of the resulting Ramanagara district -- flag if using data post-2024,21,2921.0
29,Karnataka,22.0,Mandya,Karnataka,Mandya,No change identified since 2001,CONFIRMED,,22,2922.0
29,Karnataka,24.0,Dakshin Kannada,Karnataka,Dakshina Kannada,No change identified since 2001,CONFIRMED,"RESOLVED via DIST01 (Census 2001 district code): both DISTID=24 and DISTID=29 carry DIST01=24, confirming both genuinely are Dakshina Kannada -- not two different districts, just two internal IHDS batch codes for the same district. Safe to merge/treat as one",24,2924.0
29,Karnataka,25.0,Kodagu,Karnataka,Kodagu,No change identified since 2001,CONFIRMED,,25,2925.0
29,Karnataka,26.0,Mysore,Karnataka,Mysuru,Renamed from Mysore to Mysuru; boundary unchanged,CONFIRMED,,26,2926.0
29,Karnataka,27.0,Chamarajanagar,Karnataka,Chamarajanagara,Spelling standardized; boundary unchanged,CONFIRMED,,27,2927.0
30,Goa,1.0,North Goa,Goa,North Goa,No change identified since 1997,CONFIRMED,,1,3001.0
30,Goa,2.0,South Goa,Goa,South Goa,No change identified since 1997,CONFIRMED,,2,3002.0
32,Kerala,2.0,Kannur,Kerala,Kannur,"No change identified since 1984 (Kerala's last new district, Kasaragod, predates 2001)",CONFIRMED,,2,3202.0
32,Kerala,4.0,Kozhikode,Kerala,Kozhikode,No change identified since 2001,CONFIRMED,,4,3204.0
32,Kerala,5.0,Malappuram,Kerala,Malappuram,No change identified since 2001,CONFIRMED,,5,3205.0
32,Kerala,6.0,Palakkad,Kerala,Palakkad,No change identified since 2001,CONFIRMED,,6,3206.0
32,Kerala,7.0,Thrissur,Kerala,Thrissur,No change identified since 2001,CONFIRMED,,7,3207.0
32,Kerala,8.0,Ernakulam,Kerala,Ernakulam,No change identified since 2001,CONFIRMED,,8,3208.0
32,Kerala,9.0,Idukki,Kerala,Idukki,No change identified since 2001,CONFIRMED,,9,3209.0
32,Kerala,10.0,Kottayam,Kerala,Kottayam,No change identified since 2001,CONFIRMED,,10,3210.0
32,Kerala,11.0,Alappuzha,Kerala,Alappuzha,No change identified since 2001,CONFIRMED,,11,3211.0
32,Kerala,12.0,Pathanamthitta,Kerala,Pathanamthitta,No change identified since 2001,CONFIRMED,,12,3212.0
32,Kerala,13.0,Kollam,Kerala,Kollam,No change identified since 2001,CONFIRMED,,13,3213.0
32,Kerala,14.0,Thiruvananthapuram,Kerala,Thiruvananthapuram,No change identified since 2001,CONFIRMED,,14,3214.0
33,Tamil Nadu,1.0,Thiruvallur,Tamil Nadu,Thiruvallur,"No change identified since 2001 (part of its territory was transferred into an expanded Chennai district in 2018, but Thiruvallur itself persists)",PROVISIONAL - needs verification,"2018 Chennai boundary expansion involved a small transfer -- not a full split, but worth checking if doing fine-grained spatial work",1,3301.0
33,Tamil Nadu,2.0,Chennai,Tamil Nadu,Chennai,2018 boundary expansion (gained taluks from Tiruvallur and Kanchipuram); no reduction,CONFIRMED,,2,3302.0
33,Tamil Nadu,3.0,Kancheepuram,Tamil Nadu,Kanchipuram; Chengalpattu,2019 district creation (Chengalpattu carved from Kancheepuram),CONFIRMED,,3,3303.0
33,Tamil Nadu,4.0,Vellore,Tamil Nadu,Vellore; Ranipet; Tirupattur,2019 district creation (both Ranipet and Tirupattur carved from Vellore),CONFIRMED,,4,3304.0
33,Tamil Nadu,5.0,Dharampuri,Tamil Nadu,Dharmapuri,No change identified since 2001,CONFIRMED,,5,3305.0
33,Tamil Nadu,6.0,Tiruvannamalai,Tamil Nadu,Tiruvannamalai,No change identified since 2001,CONFIRMED,"Genuine omission from the original build, not a source-data gap -- confirmed present in the IHDS-I codebook's official District Codes table (Docrelinfo.pdf) and in both IHDS-I (n=45) and IHDS-II (n=41) household files. Added via validate.py cross-check against the primary-source codebook.",6,3306.0
33,Tamil Nadu,9.0,Namakkal,Tamil Nadu,Namakkal,No change identified since 2001,CONFIRMED,,9,3309.0
33,Tamil Nadu,10.0,Erode,Tamil Nadu,Erode; part of Tiruppur (2009),2009 district creation (Tiruppur carved from Coimbatore and Erode),CONFIRMED,,10,3310.0
33,Tamil Nadu,12.0,Coimbatore,Tamil Nadu,Coimbatore; part of Tiruppur (2009),2009 district creation (Tiruppur carved from Coimbatore and Erode),CONFIRMED,,12,3312.0
33,Tamil Nadu,13.0,Dindigul,Tamil Nadu,Dindigul,No change identified since 2001,CONFIRMED,,13,3313.0
33,Tamil Nadu,14.0,Karur,Tamil Nadu,Karur,No change identified since 2001,CONFIRMED,"RESOLVED via DIST01 (Census 2001 code)=14, distinct from DIST01=15 (Tiruchchirappalli) and DIST01=17 (Ariyalur), which previously shared this row's messy DISTID=15 batch code",14,3314.0
33,Tamil Nadu,15.0,Tiruchchirappalli,Tamil Nadu,Tiruchirappalli,"No change identified since 2001 (contributed territory to Ariyalur in 2007, alongside Perambalur)",CONFIRMED,RESOLVED via DIST01=15,15,3315.0
33,Tamil Nadu,16.0,Perambalur,Tamil Nadu,Perambalur,No change identified since 2001,CONFIRMED,,16,3316.0
33,Tamil Nadu,17.0,Ariyalur,Tamil Nadu,Ariyalur,"2007 district creation (Ariyalur, from Perambalur and Tiruchirappalli)",CONFIRMED,RESOLVED via DIST01=17,17,3317.0
33,Tamil Nadu,23.0,Sivaganga,Tamil Nadu,Sivaganga,No change identified since 2001,CONFIRMED,,23,3323.0
33,Tamil Nadu,24.0,Madurai,Tamil Nadu,Madurai,No change identified since 2001,CONFIRMED,,24,3324.0
33,Tamil Nadu,25.0,Theni,Tamil Nadu,Theni,No change identified since 2001,CONFIRMED,,25,3325.0
33,Tamil Nadu,27.0,Ramanathapuram,Tamil Nadu,Ramanathapuram,No change identified since 2001,CONFIRMED,,27,3327.0
33,Tamil Nadu,28.0,Thoothukkudi,Tamil Nadu,Thoothukudi,No change identified since 2001,CONFIRMED,,28,3328.0
33,Tamil Nadu,29.0,Tirunelveli,Tamil Nadu,Tirunelveli; Tenkasi,2019 district creation (Tenkasi carved from Tirunelveli),CONFIRMED,,29,3329.0
33,Tamil Nadu,30.0,Kanniyakumari,Tamil Nadu,Kanniyakumari (Kanyakumari),No change identified since 2001,CONFIRMED,,30,3330.0
34,Pondicherry,1.0,Pondicherry,Puducherry,Puducherry,Renamed from Pondicherry to Puducherry (2006); boundary unchanged,CONFIRMED,,0,3401.0
